Workbook

Sheet Gantt
A1: Project Plan - Gantt Chart
A4: ID | B4: Week | C4: Task | D4: Role | E4: Start | F4: End | G4: Deliverable | H4: W1 | I4: W2 | J4: W3 | K4: W4 | L4: W5 | M4: W6 | N4: W7
A5: 1 | B5: 1 | C5: KPI Specification and KPIs Document | D5: Hossam - Technical Analytics Lead | E5: 46306 | F5: 46310 | G5: KPI Specification + KPIs Document
A6: 2 | B6: 1 | C6: GitHub Repository and Branching Strategy | D6: Hossam - Technical Analytics Lead | E6: 46306 | F6: 46310 | G6: Repository + Branching Strategy
A7: 3 | B7: 1 | C7: Raw and Working Data Layers with Data Profiling | D7: Yahia - Data Preparation & Testing Lead | E7: 46306 | F7: 46310 | G7: Raw/Working Data Layers + Profiling Report
A8: 4 | B8: 1 | C8: Project Plan and Task Assignment | D8: Hossam - Technical Analytics Lead | E8: 46306 | F8: 46310 | G8: Project Plan + Task Assignment & Roles
A9: 5 | B9: 1 | C9: Project Proposal | D9: Hossam - Technical Analytics Lead | E9: 46306 | F9: 46310 | G9: Project Proposal
A10: 6 | B10: 1 | C10: Stakeholder Analysis and User Stories & Use Cases | D10: Ola - Data Quality & Review Lead | E10: 46306 | F10: 46310 | G10: Stakeholder Analysis + User Stories & Use Cases
A11: 7 | B11: 1 | C11: Literature Review File (Lecturer Input) | D11: Ola - Data Quality & Review Lead | E11: 46306 | F11: 46310 | G11: Literature Review
A12: 8 | B12: 1 | C12: Data Dictionary | D12: Aya - Data Dictionary & Requirements Lead | E12: 46306 | F12: 46310 | G12: Validated Data Dictionary
A13: 9 | B13: 1 | C13: Functional & Non-functional Requirements | D13: Aya - Data Dictionary & Requirements Lead | E13: 46306 | F13: 46310 | G13: Functional & Non-functional Requirements
A14: 10 | B14: 1 | C14: Risk Assessment & Mitigation Plan | D14: Aya - Data Dictionary & Requirements Lead | E14: 46306 | F14: 46310 | G14: Risk Assessment & Mitigation Plan
A15: 11 | B15: 2 | C15: SQL Staging, Duplicate and Key Integrity Checks | D15: Hossam - Technical Analytics Lead | E15: 46313 | F15: 46317 | G15: SQL Staging Layer + Integrity Report
A16: 12 | B16: 2 | C16: Shipments Table Cleaning | D16: Yahia - Data Preparation & Testing Lead | E16: 46313 | F16: 46317 | G16: Clean Shipments Table + Cleaning Log
... A40: 36 | B40: 7 | C40: User Manual and Final Documentation | D40: Aya - Data Dictionary & Requirements Lead | E40: 46348 | F40: 46352 | G40: User Manual + Final Documentation

Sheet Milestones
A1: Project Plan - Milestones
A4: Milestone | B4: Date | C4: Focus | D4: Exit Gate
A5: Week 1 end | B5: 46310 | C5: Scope, Definitions, Raw/Working Layers and Planning Documents | D5: Planning, literature review and requirements documents are ready for submission on 16 October 2026.
A6: Week 2 end | B6: 46317 | C6: Data Cleaning, Integrity Checks and Quality Rules | D6: Cleaning logs and documented mappings are delivered; before/after differences are explained.
A7: Week 3 end | B7: 46324 | C7: Derived Fields, Cleaned Dataset, Python Notebook (KPI Recalculation, Basic Charts and Statistical Analysis) and Dashboard Design | D7: Derived fields are validated and the analytical question map is agreed.
A8: Week 4 end | B8: 46331 | C8: System Analysis & Design Pack and Power BI Data Models | D8: Design documents are ready for submission on 6 November 2026; relationships, denominators and filters are tested.
A9: Week 5 end | B9: 46338 | C9: Dashboard Build: Five Pages | D9: Every visual is linked to a specific question, column and KPI.
A10: Week 6 end | B10: 46345 | C10: Reconciliation, Testing, UAT and Findings | D10: No critical error remains open.
A11: Week 7 end | B11: 46352 | C11: Sign-off, Infographic, Presentation and Final Documentation | D11: Final internal delivery.
A13: DEPI Submission | B13: Date | C13: Item
A14: DEPI submission | B14: 46311 | C14: Project Planning & Management | D14: Documents uploaded to GitHub
A15: DEPI submission | B15: 46311 | C15: Literature Review | D15: Documents uploaded to GitHub
A16: DEPI submission | B16: 46311 | C16: Requirements Gathering | D16: Documents uploaded to GitHub
A17: DEPI submission | B17: 46332 | C17: System Analysis & Design | D17: Documents uploaded to GitHub
A18: DEPI submission | B18: 46356 | C18: Implementation (Source Code & Execution) | D18: Documents uploaded to GitHub
A19: DEPI submission | B19: 46360 | C19: Final Presentation, Testing & Reports | D19: Documents uploaded to GitHub
A20: Internal final delivery | B20: 46352 | C20: Final internal delivery (Week 7 end) | D20: Final internal delivery

Sheet Deliverables
A1: Project Plan - Deliverables
A4: Task ID | B4: Deliverable | C4: Role | D4: Week | E4: Due Date
A5: 1 | B5: KPI Specification + KPIs Document | C5: Hossam - Technical Analytics Lead | D5: 1 | E5: 46310
A6: 2 | B6: Repository + Branching Strategy | C6: Hossam - Technical Analytics Lead | D6: 1 | E6: 46310
A7: 3 | B7: Raw/Working Data Layers + Profiling Report | C7: Yahia - Data Preparation & Testing Lead | D7: 1 | E7: 46310
A8: 4 | B8: Project Plan + Task Assignment & Roles | C8: Hossam - Technical Analytics Lead | D8: 1 | E8: 46310
A9: 5 | B9: Project Proposal | C9: Hossam - Technical Analytics Lead | D9: 1 | E9: 46310
A10: 6 | B10: Stakeholder Analysis + User Stories & Use Cases | C10: Ola - Data Quality & Review Lead | D10: 1 | E10: 46310
A11: 7 | B11: Literature Review | C11: Ola - Data Quality & Review Lead | D11: 1 | E11: 46310
A12: 8 | B12: Validated Data Dictionary | C12: Aya - Data Dictionary & Requirements Lead | D12: 1 | E12: 46310
A13: 9 | B13: Functional & Non-functional Requirements | C13: Aya - Data Dictionary & Requirements Lead | D13: 1 | E13: 46310
A14: 10 | B14: Risk Assessment & Mitigation Plan | C14: Aya - Data Dictionary & Requirements Lead | D14: 1 | E14: 46310
A15: 11 | B15: SQL Staging Layer + Integrity Report | C15: Hossam - Technical Analytics Lead | D15: 2 | E15: 46317
A16: 12 | B16: Clean Shipments Table + Cleaning Log | C16: Yahia - Data Preparation & Testing Lead | D16: 2 | E16: 46317
... A40: 36 | B40: User Manual + Final Documentation | C40: Aya - Data Dictionary & Requirements Lead | D40: 7 | E40: 46352

Sheet Resource Allocation
A1: Project Plan - Resource Allocation
A4: Role | B4: Week 1 | C4: Week 2 | D4: Week 3 | E4: Week 4 | F4: Week 5 | G4: Week 6 | H4: Week 7 | I4: Total Tasks
A5: Hossam - Technical Analytics Lead | B5: =COUNTIFS(Gantt!$D$5:$D$40,$A5,Gantt!$B$5:$B$40,1) -> 4 | C5: =COUNTIFS(Gantt!$D$5:$D$40,$A5,Gantt!$B$5:$B$40,2) -> 1 | D5: =COUNTIFS(Gantt!$D$5:$D$40,$A5,Gantt!$B$5:$B$40,3) -> 1 | E5: =COUNTIFS(Gantt!$D$5:$D$40,$A5,Gantt!$B$5:$B$40,4) -> 1 | F5: =COUNTIFS(Gantt!$D$5:$D$40,$A5,Gantt!$B$5:$B$40,5) -> 2 | G5: =COUNTIFS(Gantt!$D$5:$D$40,$A5,Gantt!$B$5:$B$40,6) -> 1 | H5: =COUNTIFS(Gantt!$D$5:$D$40,$A5,Gantt!$B$5:$B$40,7) -> 1 | I5: =SUM(B5:H5) -> 11
A6: Yahia - Data Preparation & Testing Lead | B6: =COUNTIFS(Gantt!$D$5:$D$40,$A6,Gantt!$B$5:$B$40,1) -> 1 | C6: =COUNTIFS(Gantt!$D$5:$D$40,$A6,Gantt!$B$5:$B$40,2) -> 2 | D6: =COUNTIFS(Gantt!$D$5:$D$40,$A6,Gantt!$B$5:$B$40,3) -> 1 | E6: =COUNTIFS(Gantt!$D$5:$D$40,$A6,Gantt!$B$5:$B$40,4) -> 1 | F6: =COUNTIFS(Gantt!$D$5:$D$40,$A6,Gantt!$B$5:$B$40,5) -> 1 | G6: =COUNTIFS(Gantt!$D$5:$D$40,$A6,Gantt!$B$5:$B$40,6) -> 1 | H6: =COUNTIFS(Gantt!$D$5:$D$40,$A6,Gantt!$B$5:$B$40,7) -> 1 | I6: =SUM(B6:H6) -> 8
A7: Ola - Data Quality & Review Lead | B7: =COUNTIFS(Gantt!$D$5:$D$40,$A7,Gantt!$B$5:$B$40,1) -> 2 | C7: =COUNTIFS(Gantt!$D$5:$D$40,$A7,Gantt!$B$5:$B$40,2) -> 1 | D7: =COUNTIFS(Gantt!$D$5:$D$40,$A7,Gantt!$B$5:$B$40,3) -> 1 | E7: =COUNTIFS(Gantt!$D$5:$D$40,$A7,Gantt!$B$5:$B$40,4) -> 1 | F7: =COUNTIFS(Gantt!$D$5:$D$40,$A7,Gantt!$B$5:$B$40,5) -> 1 | G7: =COUNTIFS(Gantt!$D$5:$D$40,$A7,Gantt!$B$5:$B$40,6) -> 1 | H7: =COUNTIFS(Gantt!$D$5:$D$40,$A7,Gantt!$B$5:$B$40,7) -> 1 | I7: =SUM(B7:H7) -> 8
A8: Aya - Data Dictionary & Requirements Lead | B8: =COUNTIFS(Gantt!$D$5:$D$40,$A8,Gantt!$B$5:$B$40,1) -> 3 | C8: =COUNTIFS(Gantt!$D$5:$D$40,$A8,Gantt!$B$5:$B$40,2) -> 1 | D8: =COUNTIFS(Gantt!$D$5:$D$40,$A8,Gantt!$B$5:$B$40,3) -> 1 | E8: =COUNTIFS(Gantt!$D$5:$D$40,$A8,Gantt!$B$5:$B$40,4) -> 1 | F8: =COUNTIFS(Gantt!$D$5:$D$40,$A8,Gantt!$B$5:$B$40,5) -> 1 | G8: =COUNTIFS(Gantt!$D$5:$D$40,$A8,Gantt!$B$5:$B$40,6) -> 1 | H8: =COUNTIFS(Gantt!$D$5:$D$40,$A8,Gantt!$B$5:$B$40,7) -> 1 | I8: =SUM(B8:H8) -> 9
A9: Total | B9: =SUM(B5:B8) -> 10 | C9: =SUM(C5:C8) -> 5 | D9: =SUM(D5:D8) -> 4 | E9: =SUM(E5:E8) -> 4 | F9: =SUM(F5:F8) -> 5 | G9: =SUM(G5:G8) -> 4 | H9: =SUM(H5:H8) -> 4 | I9: =SUM(I5:I8) -> 36
A11: Role | B11: Responsibilities
A12: Hossam - Technical Analytics Lead | B12: Project proposal; project plan and task assignment; KPI specification and KPIs document; GitHub repository; SQL staging and integrity checks; Python notebook (KPI recalculation, basic charts and statistical analysis); software architecture, DFD and technology stack; dashboard Pages 2 (Delivery & Cycle Time) and 5 (Case Impact & Decision Quality); master reconciliation; technical sign-off and final refresh QA.
A13: Yahia - Data Preparation & Testing Lead | B13: Raw and Working data layers with profiling; cleaning of the shipments and hospital tables; derived fields and cleaned dataset; Power BI data models and core measures; dashboard Page 4 (Purchase Orders & Inventory); test plan, UAT and bug log; project infographic.
A14: Ola - Data Quality & Review Lead | B14: Stakeholder analysis, user stories and use cases; literature review file; data quality rules and mapping sign-off; analytical question map; problem statement and use case diagram; dashboard Page 1 (Executive Overview); findings and recommendations; project presentation.
A15: Aya - Data Dictionary & Requirements Lead | B15: Data dictionary; functional and non-functional requirements; risk assessment; before/after reconciliation; wireframes and UI/UX guidelines; ER diagram and logical & physical schema; dashboard Page 3 (Suppliers & Cost); README and execution guide; user manual and final documentation.

Sheet Python Statistical Analysis
A1: Project Plan - Python Statistical Analysis (Task 16)
A2: Part of Task 16 (Hossam - Technical Analytics Lead), Week 3 (25-29 October 2026). Libraries: pandas and NumPy (data handling), SciPy (scipy.stats: statistical tests), statsmodels (confidence intervals, multiple-comparison correction, stratified tables), matplotlib (charts). Run the steps in order S0 to S17 in one notebook.
A4: Step | B4: Question(s) | C4: Analysis | D4: Input (table: columns) | E4: Valid rows and expected sample size | F4: Method and library function | G4: Output | H4: Limit of interpretation
A5: S0 | B5: All | C5: Setup and guard rules | D5: Cleaned shipments table (sheet in) and cleaned hospital tables (inventory_daily, purchase_orders, patient_cases) with their cleaning flags; items, suppliers, hospitals. | E5: Valid-row definitions exactly as in the approved Data Quality Rules (Scope Rules, section D): PO Delay and PO On-Time 1,962 rows; Stockout Rate 8,926 rows; Lead Time 45 rows; Freight per Kg 38 rows; Late Rate 46 rows. Each test drops only rows that are NULL in its own columns and records the excluded count. | F5: pandas (read, merge, groupby, dropna per test); NumPy; scipy.stats.shapiro (n up to 5,000) and scipy.stats.skew for the distribution check; statsmodels.stats.multitest.multipletests(method="holm") for every family of comparisons. Significance level 0.05 (documented assumption). Minimum group size: 5 shipments per country and 3 per vendor (project rules); MIN_N = 30 rows or cases for hospital-layer groups (documented assumption, one constant confirmed in the Question Map, Task 18). | G5: Results table stats_results with columns: step, question, n_valid, n_excluded, method, statistic, p_value, p_holm, effect_size, ci_low, ci_high. | H5: A blank stays NULL and is never converted to zero; no value is deleted because it is large; every p-value is shown with n, an effect size and a 95% confidence interval.
A6: S1 | B6: Q04, Q05, Q07, Q11 | C6: Descriptive statistics of the shipment KPIs | D6: in: scheduled delivery date, delivered to client date, po sent to vendor date, delivery recorded date, expiry_date, freight cost (usd), weight (kilograms). | E6: Delay Days on 46 rows (0 late, 44 on schedule, 2 early); Lead Time Days on 45 rows; Shelf Life at Delivery on rows with a valid expiry_date (43 valid dates in the source); Freight per Kg on 38 rows. | F6: pandas describe and quantile (median, IQR, P90); scipy.stats.skew; statsmodels.stats.proportion.proportion_confint(method="wilson") for the schedule-status shares. | G6: Summary table per KPI with n; histograms with the IQR-rule outlier check (matplotlib). | H6: No shipment is late, so no inferential test is run on Delay Days; median 0 means no late shipment exists in the sample, not "no delay".
A7: S2 | B7: Q05 | C7: Lead time by country | D7: in: country (standardized to country_clean), Lead Time Days. | E7: Countries with at least 5 valid lead times: Nigeria 17, Haiti 7, Cote d'Ivoire 6, Congo DRC 6, Guyana 5; Afghanistan (3) and Ethiopia (1) are grouped as Other (calculated from the source). | F7: scipy.stats.kruskal across the five countries; effect size epsilon-squared = (H - k + 1) / (n - k); pairwise scipy.stats.mannwhitneyu with Holm correction. | G7: Median [IQR] and n per country; test table; box plot. | H7: Groups are small (5 to 17), so the result is exploratory; differences between countries are not explained by this test.
A8: S3 | B8: Q06 | C8: Customs clearance days against lead time | D8: in: customs_clearance_days (after standardization: "3 days" becomes 3 and "~6" becomes 6 with an approximate flag), Lead Time Days. | E8: Rows where both values are valid: 44 (45 valid lead times and 45 valid customs values in the source). | F8: scipy.stats.spearmanr; 95% interval with scipy.stats.bootstrap (paired resampling, 10,000 resamples, seed 42); sensitivity run without the approximate-flag rows; median of customs_clearance_days / Lead Time Days as the share of cycle time spent in customs. | G8: Spearman rho, p-value, interval, sensitivity result, median customs share; scatter plot. | H8: Correlation is not cause; the relation is stated with its sample size.
A9: S4 | B9: Q07 | C9: Shelf life at delivery and receiving inspection | D9: in: expiry_date, delivered to client date, receiving_inspection_result (raw variants mapped first). | E9: Shelf Life on rows with a valid expiry date (43 in the source); inspection acceptance on rows with a non-blank result, blanks excluded and counted. | F9: pandas; statsmodels.stats.proportion.proportion_confint(method="wilson") for the share expired on arrival and for the Inspection Acceptance Rate; scipy.stats.skew. | G9: Shelf-life histogram, inspection donut data, table of shipments expired on arrival. | H9: Negative shelf life is listed for review, not deleted; shares are shown with n.
A10: S5 | B10: Q08 | C10: Vendor concentration | D10: in: vendor, line item value. | E10: All 46 rows (line item value is never missing); vendors with fewer than 3 shipments are grouped as Other. | F10: pandas groupby and cumulative share (Pareto); NumPy for the Herfindahl-Hirschman Index = sum of squared vendor value shares. | G10: Pareto table, HHI value. | H10: Descriptive concentration measure only; no vendor is ranked below the minimum size.
A11: S6 | B11: Q10, Q11 | C11: Freight against weight and cost efficiency | D11: in: freight cost (usd), weight (kilograms), line item value, line item insurance (usd). | E11: Freight per Kg and the relation between freight and weight on the 38 rows where both are numeric; Freight/Value = SUM(freight) / SUM(value) on the rows where freight is numeric. | F11: scipy.stats.spearmanr (freight against weight); scipy.stats.linregress on log(freight) against log(weight) for slope, R-squared and slope standard error; outliers by the IQR rule (1.5 x IQR, pandas quantile) on Freight per Kg. | G11: rho, slope with 95% interval, R-squared, outlier table (id, value, reason); scatter plot. | H11: Outliers are flagged and explained, never deleted; the log transform is used only for the model, KPI figures stay on raw values; no causal claim.
A12: S7 | B12: Q12 | C12: Supplier on-time rate against the historical rate | D12: purchase_orders: supplier_id, expected_delivery_date, received_date, po_status; suppliers: historical_on_time_rate. | E12: 1,962 valid received POs; S09 (regional distribution centre) is excluded from supplier comparisons, leaving 1,961 rows over S01 to S08 (82 to 563 per supplier, calculated from the source). | F12: scipy.stats.binomtest(k on time, n, p = historical_on_time_rate, two-sided) per supplier; Wilson interval with statsmodels proportion_confint; Holm correction across the 8 suppliers; PO Fill Ratio = SUM(qty_received) / SUM(qty_ordered) on rows with a numeric qty_received. | G12: Actual against historical rate per supplier with interval, p_holm and n; fill ratio table. | H12: The historical rate is a benchmark that may cover another period or measurement; a significant gap is a difference, not a cause.
A13: S8 | B13: Q13 | C13: PO delay distribution and supplier differences | D13: purchase_orders: PO Delay Days = received_date - expected_delivery_date; supplier_id; po_status. | E13: Same 1,962 valid POs (1,961 for supplier comparisons). Rejected orders are excluded from the on-time denominator and reported separately. | F13: pandas describe and quantile (median, IQR, P90); scipy.stats.skew; scipy.stats.kruskal across S01 to S08 with epsilon-squared; pairwise scipy.stats.mannwhitneyu with Holm correction. | G13: Delay histogram, median [IQR] per supplier, status counts (Received, Partially Received, In Transit, Rejected). | H13: Delay is skewed, so rank-based tests are used; the status mix is reported as counts, not as a test.
A14: S9 | B14: Q14 | C14: Actual lead time against the item baseline | D14: purchase_orders: order_date, received_date, item_id; items: baseline_lead_time_days, category. | E14: Received POs with valid order and received dates, item in I001-I030, order_date inside the period (out-of-period rows flagged); categories with at least MIN_N valid POs. | F14: scipy.stats.wilcoxon on the paired difference (actual lead time - baseline) per category; Holm correction across categories; effect size = rank-biserial correlation from the signed ranks. | G14: Median difference in days per category with n and p_holm; bar chart data. | H14: The baseline is a reference value from the items table; the result shows the deviation, not its reason.
A15: S10 | B15: Q15 | C15: Stockout concentration and weekly movement | D15: inventory_daily: date, hospital_id, item_id, unmet_demand_qty; items: criticality. | E15: 8,926 valid hospital-item-days; stockout = unmet_demand_qty > 0 (the source stockout_flag is not used); blank unmet_demand_qty is excluded and counted (the blank share is concentrated in hospital H-C). | F15: scipy.stats.chi2_contingency for hospital x stockout and criticality x stockout with Cramer's V; Wilson intervals per hospital and per criticality; scipy.stats.kendalltau between week number and weekly Stockout Rate; pandas.crosstab to compare the recomputed flag with the source flag. | G15: Stockout Rate with n and interval per hospital and criticality; trend statistic; flag comparison table. | H15: The weekly trend rests on about 13 weekly points (1 January to 31 March 2026), so it is exploratory; no causal claim.
... A22: S17 | B22: All | C22: Reporting and reproducibility | D22: All results of S0 to S16. | E22: Notebook runs from top to bottom (Restart and Run All) with no manual step. | F22: pandas.DataFrame.to_csv for stats_results.csv; matplotlib savefig for charts; numpy.random.default_rng(42) for every resampling; pip freeze to requirements.txt. | G22: stats_results.csv, chart files and requirements.txt in the python folder of the GitHub repository. | H22: Recalculated KPIs are compared with SQL and Power BI in the Master Reconciliation (Task 29); statistical results feed the Findings and Recommendations (Task 31).
