Workbook

Sheet Roles
A1: Task Assignment & Roles
A4: Team Member and Role | B4: Responsibilities | C4: Number of Tasks
A5: Hossam - Technical Analytics Lead | B5: Project proposal; KPI specification and KPIs document; GitHub repository; SQL staging and integrity checks; Python notebook (KPI recalculation and basic charts); software architecture, DFD and technology stack; dashboard Pages 2 (Delivery & Cycle Time) and 5 (Case Impact & Decision Quality); master reconciliation; technical sign-off and final refresh QA. | C5: =COUNTIF(Tasks!$D$5:$D$40,A5) -> 10
A6: Yahia - Data Preparation & Testing Lead | B6: Raw and Working data layers with profiling; project plan and task assignment; cleaning of the shipments and hospital tables; derived fields and cleaned dataset; Power BI data models and core measures; dashboard Page 4 (Purchase Orders & Inventory); test plan, UAT and bug log; project infographic. | C6: =COUNTIF(Tasks!$D$5:$D$40,A6) -> 9
A7: Ola - Data Quality & Review Lead | B7: Stakeholder analysis, user stories and use cases; literature review file; data quality rules and mapping sign-off; analytical question map; problem statement and use case diagram; dashboard Page 1 (Executive Overview); findings and recommendations; project presentation. | C7: =COUNTIF(Tasks!$D$5:$D$40,A7) -> 8
A8: Aya - Data Dictionary & Requirements Lead | B8: Data dictionary; functional and non-functional requirements; risk assessment; before/after reconciliation; wireframes and UI/UX guidelines; ER diagram and logical & physical schema; dashboard Page 3 (Suppliers & Cost); README and execution guide; user manual and final documentation. | C8: =COUNTIF(Tasks!$D$5:$D$40,A8) -> 9
A9: Total | C9: =SUM(C5:C8) -> 36

Sheet Tasks
A1: Task Assignment
A4: Task ID | B4: Week | C4: Task | D4: Responsible Role | E4: Start | F4: End | G4: Deliverable
A5: 1 | B5: 1 | C5: KPI Specification and KPIs Document | D5: Hossam - Technical Analytics Lead | E5: 46306 | F5: 46310 | G5: KPI Specification + KPIs Document
A6: 2 | B6: 1 | C6: GitHub Repository and Branching Strategy | D6: Hossam - Technical Analytics Lead | E6: 46306 | F6: 46310 | G6: Repository + Branching Strategy
A7: 3 | B7: 1 | C7: Raw and Working Data Layers with Data Profiling | D7: Yahia - Data Preparation & Testing Lead | E7: 46306 | F7: 46310 | G7: Raw/Working Data Layers + Profiling Report
A8: 4 | B8: 1 | C8: Project Plan and Task Assignment | D8: Yahia - Data Preparation & Testing Lead | E8: 46306 | F8: 46310 | G8: Project Plan + Task Assignment & Roles
A9: 5 | B9: 1 | C9: Project Proposal | D9: Hossam - Technical Analytics Lead | E9: 46306 | F9: 46310 | G9: Project Proposal
A10: 6 | B10: 1 | C10: Stakeholder Analysis and User Stories & Use Cases | D10: Ola - Data Quality & Review Lead | E10: 46306 | F10: 46310 | G10: Stakeholder Analysis + User Stories & Use Cases
A11: 7 | B11: 1 | C11: Literature Review File (Lecturer Input) | D11: Ola - Data Quality & Review Lead | E11: 46306 | F11: 46310 | G11: Literature Review
A12: 8 | B12: 1 | C12: Data Dictionary | D12: Aya - Data Dictionary & Requirements Lead | E12: 46306 | F12: 46310 | G12: Validated Data Dictionary
A13: 9 | B13: 1 | C13: Functional & Non-functional Requirements | D13: Aya - Data Dictionary & Requirements Lead | E13: 46306 | F13: 46310 | G13: Functional & Non-functional Requirements
A14: 10 | B14: 1 | C14: Risk Assessment & Mitigation Plan | D14: Aya - Data Dictionary & Requirements Lead | E14: 46306 | F14: 46310 | G14: Risk Assessment & Mitigation Plan
A15: 11 | B15: 2 | C15: SQL Staging, Duplicate and Key Integrity Checks | D15: Hossam - Technical Analytics Lead | E15: 46313 | F15: 46317 | G15: SQL Staging Layer + Integrity Report
A16: 12 | B16: 2 | C16: Shipments Table Cleaning | D16: Yahia - Data Preparation & Testing Lead | E16: 46313 | F16: 46317 | G16: Clean Shipments Table + Cleaning Log
... A40: 36 | B40: 7 | C40: User Manual and Final Documentation | D40: Aya - Data Dictionary & Requirements Lead | E40: 46348 | F40: 46352 | G40: User Manual + Final Documentation

Sheet Role-Week Matrix
A1: Task Count by Role and Week
A4: Role | B4: Week 1 | C4: Week 2 | D4: Week 3 | E4: Week 4 | F4: Week 5 | G4: Week 6 | H4: Week 7 | I4: Total
A5: Hossam - Technical Analytics Lead | B5: =COUNTIFS(Tasks!$D$5:$D$40,$A5,Tasks!$B$5:$B$40,1) -> 3 | C5: =COUNTIFS(Tasks!$D$5:$D$40,$A5,Tasks!$B$5:$B$40,2) -> 1 | D5: =COUNTIFS(Tasks!$D$5:$D$40,$A5,Tasks!$B$5:$B$40,3) -> 1 | E5: =COUNTIFS(Tasks!$D$5:$D$40,$A5,Tasks!$B$5:$B$40,4) -> 1 | F5: =COUNTIFS(Tasks!$D$5:$D$40,$A5,Tasks!$B$5:$B$40,5) -> 2 | G5: =COUNTIFS(Tasks!$D$5:$D$40,$A5,Tasks!$B$5:$B$40,6) -> 1 | H5: =COUNTIFS(Tasks!$D$5:$D$40,$A5,Tasks!$B$5:$B$40,7) -> 1 | I5: =SUM(B5:H5) -> 10
A6: Yahia - Data Preparation & Testing Lead | B6: =COUNTIFS(Tasks!$D$5:$D$40,$A6,Tasks!$B$5:$B$40,1) -> 2 | C6: =COUNTIFS(Tasks!$D$5:$D$40,$A6,Tasks!$B$5:$B$40,2) -> 2 | D6: =COUNTIFS(Tasks!$D$5:$D$40,$A6,Tasks!$B$5:$B$40,3) -> 1 | E6: =COUNTIFS(Tasks!$D$5:$D$40,$A6,Tasks!$B$5:$B$40,4) -> 1 | F6: =COUNTIFS(Tasks!$D$5:$D$40,$A6,Tasks!$B$5:$B$40,5) -> 1 | G6: =COUNTIFS(Tasks!$D$5:$D$40,$A6,Tasks!$B$5:$B$40,6) -> 1 | H6: =COUNTIFS(Tasks!$D$5:$D$40,$A6,Tasks!$B$5:$B$40,7) -> 1 | I6: =SUM(B6:H6) -> 9
A7: Ola - Data Quality & Review Lead | B7: =COUNTIFS(Tasks!$D$5:$D$40,$A7,Tasks!$B$5:$B$40,1) -> 2 | C7: =COUNTIFS(Tasks!$D$5:$D$40,$A7,Tasks!$B$5:$B$40,2) -> 1 | D7: =COUNTIFS(Tasks!$D$5:$D$40,$A7,Tasks!$B$5:$B$40,3) -> 1 | E7: =COUNTIFS(Tasks!$D$5:$D$40,$A7,Tasks!$B$5:$B$40,4) -> 1 | F7: =COUNTIFS(Tasks!$D$5:$D$40,$A7,Tasks!$B$5:$B$40,5) -> 1 | G7: =COUNTIFS(Tasks!$D$5:$D$40,$A7,Tasks!$B$5:$B$40,6) -> 1 | H7: =COUNTIFS(Tasks!$D$5:$D$40,$A7,Tasks!$B$5:$B$40,7) -> 1 | I7: =SUM(B7:H7) -> 8
A8: Aya - Data Dictionary & Requirements Lead | B8: =COUNTIFS(Tasks!$D$5:$D$40,$A8,Tasks!$B$5:$B$40,1) -> 3 | C8: =COUNTIFS(Tasks!$D$5:$D$40,$A8,Tasks!$B$5:$B$40,2) -> 1 | D8: =COUNTIFS(Tasks!$D$5:$D$40,$A8,Tasks!$B$5:$B$40,3) -> 1 | E8: =COUNTIFS(Tasks!$D$5:$D$40,$A8,Tasks!$B$5:$B$40,4) -> 1 | F8: =COUNTIFS(Tasks!$D$5:$D$40,$A8,Tasks!$B$5:$B$40,5) -> 1 | G8: =COUNTIFS(Tasks!$D$5:$D$40,$A8,Tasks!$B$5:$B$40,6) -> 1 | H8: =COUNTIFS(Tasks!$D$5:$D$40,$A8,Tasks!$B$5:$B$40,7) -> 1 | I8: =SUM(B8:H8) -> 9
